<?xml version="1.0" encoding="UTF-8"?>
<beans xmlns="http://www.springframework.org/schema/beans"
       xmlns:xsi="http://www.w3.org/2001/XMLSchema-instance"
       xmlns:mvc="http://www.springframework.org/schema/mvc"
       xmlns:suns="http://www.baizhiedu.com/schema/user" xmlns:context="http://www.springframework.org/schema/context"
       xmlns:aop="http://www.springframework.org/schema/aop"
       xsi:schemaLocation="http://www.springframework.org/schema/beans
                           http://www.springframework.org/schema/beans/spring-beans.xsd
                           http://www.springframework.org/schema/mvc
                           https://www.springframework.org/schema/mvc/spring-mvc.xsd
                           http://www.baizhiedu.com/schema/user
                           http://www.baizhiedu.com/schema/user.xsd
                           http://www.springframework.org/schema/context
                           https://www.springframework.org/schema/context/spring-context.xsd
                           http://www.springframework.org/schema/aop https://www.springframework.org/schema/aop/spring-aop.xsd"
>


    <!--<bean id="u" name="user" class="com.baizhiedu.User" init-method="myInit" destroy-method="myDestory">
        <property name="id" value="10"/>
        <property name="name" value="suns"/>
    </bean>

    <bean id="p" class="com.baizhiedu.Product">
        <property name="id" value="10"/>
    </bean>
-->
    <!--<bean id="p" abstract="true">
        <property name="id" value="sunshuai"/>
    </bean>-->

    <!--<bean id="u" class="com.baizhiedu.User">
        <property name="id" value="1"/>
        <property name="name" value="sunshuai"/>
        <property name="password" value="123455"/>
    </bean>-->

  <!--  <bean id="address" class="com.baizhiedu.Address"/>

    <bean id="u" class="com.baizhiedu.User">
        <property name="address" ref="address"/>
    </bean>-->

    <bean id="userService" class="com.baizhiedu.UserServiceImpl" scope="prototype" />

    <bean id="before" class="com.baizhiedu.Before"/>

    <aop:config>
        <aop:advisor advice-ref="before" pointcut="execution(* com.baizhiedu.UserServiceImpl.*(..))"/>
    </aop:config>



    <!-- <bean id="myBeanPostProcessor" class="com.baizhiedu.MyBeanPostProcessor"/>-->

    <!-- <bean id="userDAO" class="com.baizhiedu.UserDAOImpl" scope="prototype"></bean>

     <bean id="userService" class="com.baizhiedu.UserServiceImpl">
        &lt;!&ndash; <property name="userDAO" ref="userDAO"/>&ndash;&gt;
     </bean>-->


    <!--<bean id="product" class="com.baizhiedu.Product"></bean>-->

    <!-- <beans profile="dev">
         <bean id="" class=""/>
         <bean id="" class=""/>
     </beans>

     <beans profile="production">
         <bean id="" class=""/>
         <bean id="" class=""/>
     </beans>-->

    <!--  <import resource="applicationContext1.xml"/>
      <import resource="applicationContext2.xml"/>
      <import resource="applicationContext3.xml"/>-->

    <!--<bean id="user"  class="xxxx.xxx.User"/>
    <alias name="user" alias="u"/>-->

    <!--<bean id="u" name="u1,u2" class="" abstract="" scope="">
        <property name=""/>
        <constructor-arg/>
        <lookup-method/>
        <replaced-method/>
    </bean>-->

    <!--   <bean id="p" class="com.baizhiedu.Product"/>

       <mvc:annotation-driven />-->

    <!--user-&ndash;&gt; 创建user对象并设置 name属性 password属性-->
     <!--<suns:user id="u" name="sunshuai" password="123456"/>-->

    <!--   <bean id="a" class="com.baizhiedu.Account">
           <property name="name" value="xiaohei"/>
           <property name="password" value="1234567"/>
       </bean>-->

     <!--<bean id="mapperScannerConfiguer" class="org.mybatis.spring.mapper.MapperScannerConfigurer">
         <property name="addToConfig"
         <property name="nameGenerator"
         <property name="sqlSessionFactoryBeanName"
         <property name="basePackage"
     </bean>-->

</beans>