<?xml version="1.0" encoding="UTF-8"?>
<beans xmlns="http://www.springframework.org/schema/beans"
       xmlns:xsi="http://www.w3.org/2001/XMLSchema-instance"
       xmlns:mvc="http://www.springframework.org/schema/mvc"
       xmlns:suns="http://www.baizhiedu.com/schema/user" xmlns:context="http://www.springframework.org/schema/context"
       xmlns:aop="http://www.springframework.org/schema/aop"
       xsi:schemaLocation="http://www.springframework.org/schema/beans
                           http://www.springframework.org/schema/beans/spring-beans.xsd
                           http://www.springframework.org/schema/mvc
                           https://www.springframework.org/schema/mvc/spring-mvc.xsd
                           http://www.baizhiedu.com/schema/user
                           http://www.baizhiedu.com/schema/user.xsd
                           http://www.springframework.org/schema/context
                           https://www.springframework.org/schema/context/spring-context.xsd http://www.springframework.org/schema/aop https://www.springframework.org/schema/aop/spring-aop.xsd">

   <!-- <bean id="datePropertyEditor" class="com.propertyeditor.DatePropertyEditor"/>-->

    <bean id="configure" class="org.springframework.beans.factory.config.CustomEditorConfigurer">
        <property name="customEditors">
            <map>
                <entry key="java.util.Date">
                    <value>com.propertyeditor.DatePropertyEditor</value>
                </entry>
            </map>
        </property>
    </bean>


    <bean id="c" class="com.propertyeditor.Customer">
        <property name="id" value="10"/>
        <property name="name" value="suns"/>
        <property name="birthday" value="2021-03-31"/>
    </bean>

</beans>