<?xml version="1.0" encoding="UTF-8"?>
<beans xmlns="http://www.springframework.org/schema/beans"
       xmlns:xsi="http://www.w3.org/2001/XMLSchema-instance"
       xmlns:mvc="http://www.springframework.org/schema/mvc"
       xmlns:suns="http://www.baizhiedu.com/schema/user" xmlns:context="http://www.springframework.org/schema/context"
       xmlns:aop="http://www.springframework.org/schema/aop" xmlns:tx="http://www.springframework.org/schema/tx"
       xsi:schemaLocation="http://www.springframework.org/schema/beans
                           http://www.springframework.org/schema/beans/spring-beans.xsd
                           http://www.springframework.org/schema/mvc
                           https://www.springframework.org/schema/mvc/spring-mvc.xsd
                           http://www.baizhiedu.com/schema/user
                           http://www.baizhiedu.com/schema/user.xsd
                           http://www.springframework.org/schema/context
                           https://www.springframework.org/schema/context/spring-context.xsd
                           http://www.springframework.org/schema/aop https://www.springframework.org/schema/aop/spring-aop.xsd http://www.springframework.org/schema/tx http://www.springframework.org/schema/tx/spring-tx.xsd"
>


    <context:component-scan base-package="com.tx.xml"/>

    <bean id="jdbcTemplate" class="org.springframework.jdbc.core.JdbcTemplate">
        <property name="dataSource" ref="dataSource"/>
    </bean>

    <bean id="dataSource" class="com.alibaba.druid.pool.DruidDataSource">
        <property name="driverClassName" value="com.mysql.jdbc.Driver"/>
        <property name="url" value="jdbc:mysql://localhost:3306/suns?useSSL=false"/>
        <property name="username" value="root"/>
        <property name="password" value="123456"/>
    </bean>

    <bean id="transactionManager" class="org.springframework.jdbc.datasource.DataSourceTransactionManager">
        <property name="dataSource" ref="dataSource"/>
    </bean>

    <tx:advice id="transactionInterceptor" transaction-manager="transactionManager">
        <tx:attributes>
            <tx:method name="register" isolation="DEFAULT" propagation="REQUIRED"/>
            <tx:method name="modify*"/>
        </tx:attributes>
    </tx:advice>

    <aop:config>
        <aop:pointcut id="pc" expression="execution(* com.tx.xml.UserServiceImpl.*(..))"/>
        <aop:advisor advice-ref="transactionInterceptor" pointcut-ref="pc"/>
    </aop:config>


</beans>